"BC9","BC10","JB5","JB7","X135E","JBC","JB370","rep","ph"
16454224.9560858,32537710.6628754,2166845.0597509,2066763.98574864,16245454.1622866,63725534.2491699,646051.103990677,1,5
15911256.8018003,9542107.6721267,0,3063534.71374485,13186122.8508948,63752341.9194687,0,2,5
15795738.5458787,3810088.27755772,0,3336134.9096271,12419666.9672149,63740179.1801665,0,4,5
16524643.8234662,39171349.8614197,2875466.57629723,1674247.30405154,17144817.2853785,63799751.7808306,1749912.89251383,5,5
