"BC9","BC10","JB5","JB7","X135E","JBC","JB370","rep","ph"
177269151.809833,151842753.099461,574630221.896205,1545192825.11211,1357708.67430444,69200000,422624.161268007,1,7
147670448.406267,101047667.760049,-1160345314.50577,1441467342.5619,-2587834.62605847,69200000,-32006.7111139032,2,7
140270772.555376,88348896.4251958,-1594089198.60627,1415535971.92435,-3574220.4511492,69200000,-145664.42920938,4,7
185902106.969206,166657986.323456,1080664753.34678,1575446090.85592,2508492.13691028,69200000,555224.832379397,5,7
