"BC9","BC10","JB5","JB7","X135E","JBC","JB370","rep","ph"
16794032.6585258,32471073.742672,396920365.373043,303568220.823013,18520294.6965631,57266584.9598637,568257.269693953,1,5
16153912.0367675,9499460.04319654,275951886.809007,214120098.384697,14778126.8169281,59226609.4719046,0,2,5
15965721.9344927,3756556.61832766,219217690.799025,171519532.774016,13690361.0042799,60155042.1355029,0,4,5
16818124.6174611,39171127.7383524,279224083.568685,212789637.753315,18732742.2558341,59226609.4719046,1695457.20850613,5,5
