"BC9","BC10","JB5","JB7","X135E","JBC","JB370","rep","ph"
16374394.2350998,32471073.742672,2136482.2275745,1974365.90463075,16251860.9616233,63800000,646051.103990677,1,5
15860165.1403693,9499460.04319654,0,3004399.9418294,13190223.2024702,63800000,0,2,5
15731607.8666867,3756556.61832766,0,3261908.45112907,12424813.762682,63800000,0,4,5
16524377.7210629,39171127.7383524,2875365.36685664,1673939.31044781,17144838.6413763,63800000,1749912.89251383,5,5
