"BC9","BC10","JB5","JB7","X135E","JBC","JB370","rep","ph"
38834748626.1878,33562744.2306292,0,303661631.212743,18583971.5586126,6565385006.3712,582180.067026488,1,5
58277760980.9277,10405246.788041,0,214179308.770457,14837109.9417946,578501549.731706,0,2,5
287584530801.38,3987557.09375007,0,171594539.852912,13681243.473013,5152639969.95621,0,4,5
2156816742489.39,40042931.9956178,0,212791623.490473,18695550.9028641,11523946398.0091,1814971.17268925,5,5
