"BC9","BC10","JB5","JB7","X135E","JBC","JB370","rep","ph"
162479048.600841,150942524.035532,537834198.197619,1601867409.0622,1440319.29699948,52230878.3796499,351562.511648411,1,7
137356678.238159,100399508.626102,-1186775597.58172,1481338115.20004,-2527051.51529622,58445806.4858841,-81694.5203854714,2,7
132228723.433572,88017277.4456916,-1620572545.64236,1446259307.71601,-3532606.0024912,55941895.0057092,-183714.559744401,4,7
177685550.639127,167324122.541582,1020593924.70041,1615093420.56204,2599497.45376679,66738407.9542589,508125.999288102,5,7
